{
    "mean_reward": -119.22167878235295,
    "std_reward": 122.03439833597952,
    "min_reward": -616.8817587232238,
    "max_reward": 203.2259502471008,
    "mean_steps": 126.75,
    "std_steps": 24.44928424310209
}