{
    "mean_reward": -181.5781902783462,
    "std_reward": 100.60667053112871,
    "min_reward": -470.6974547254476,
    "max_reward": 28.718431183608544,
    "mean_steps": 87.74,
    "std_steps": 20.996009144596982
}