{
    "mean_reward": -164.21636553614314,
    "std_reward": 565.335628450002,
    "min_reward": -4167.6384008708765,
    "max_reward": 292.40170457679716,
    "mean_steps": 568.81,
    "std_steps": 297.1704795231182
}