{
    "mean_reward": -117.15746629038483,
    "std_reward": 97.15451196834321,
    "min_reward": -329.75134536601047,
    "max_reward": 199.1683111870409,
    "mean_steps": 127.09,
    "std_steps": 28.050702308498444
}