{
    "mean_reward": -114.15168153534854,
    "std_reward": 128.13509111330092,
    "min_reward": -669.1961291717128,
    "max_reward": 33.329768179787436,
    "mean_steps": 102.46,
    "std_steps": 27.56788711526511
}