{
    "mean_reward": -150.99452859002182,
    "std_reward": 153.20232002062477,
    "min_reward": -699.0104974779905,
    "max_reward": 20.41195056764772,
    "mean_steps": 152.44,
    "std_steps": 75.68161203357127
}