{
    "mean_reward": -55.18858357218511,
    "std_reward": 75.14541525705401,
    "min_reward": -331.3056364777936,
    "max_reward": 42.441062043830556,
    "mean_steps": 120.39,
    "std_steps": 20.850369301285767
}