{
    "mean_reward": -58.6146812645579,
    "std_reward": 90.92739664681403,
    "min_reward": -430.59082311989425,
    "max_reward": 159.88965757395908,
    "mean_steps": 135.59,
    "std_steps": 37.73859960305893
}