{
    "mean_reward": 14.949547829511136,
    "std_reward": 154.83652959828825,
    "min_reward": -805.7687700614499,
    "max_reward": 298.0271527174742,
    "mean_steps": 235.08,
    "std_steps": 181.88197711703046
}