{
    "mean_reward": -95.66116625569677,
    "std_reward": 107.72653748936021,
    "min_reward": -476.64103755793695,
    "max_reward": 246.82237964060118,
    "mean_steps": 141.95,
    "std_steps": 58.34301586308339
}