{
    "mean_reward": -77.82195229660944,
    "std_reward": 76.3385552319772,
    "min_reward": -258.6768241330401,
    "max_reward": 176.1312995579112,
    "mean_steps": 138.37,
    "std_steps": 98.37689312028512
}