{
    "mean_reward": -187.3470136273284,
    "std_reward": 103.46272030107484,
    "min_reward": -410.63375591888695,
    "max_reward": 35.73940322333266,
    "mean_steps": 129.83,
    "std_steps": 37.483077515060046
}