{
    "mean_reward": 111.17071113535889,
    "std_reward": 204.94248032672587,
    "min_reward": -472.72328403262094,
    "max_reward": 299.6991665853932,
    "mean_steps": 374.48,
    "std_steps": 170.5068608590282
}