{
    "mean_reward": -277.6196049668763,
    "std_reward": 224.26151577891474,
    "min_reward": -735.9153873434277,
    "max_reward": 180.37964201035288,
    "mean_steps": 133.19,
    "std_steps": 58.6886181469627
}