{
    "mean_reward": -130.40053533126246,
    "std_reward": 115.16179373885669,
    "min_reward": -507.44905614263627,
    "max_reward": 33.006757190746754,
    "mean_steps": 138.87,
    "std_steps": 45.34350118815264
}