{
    "mean_reward": -54.173747525078916,
    "std_reward": 72.95057856614142,
    "min_reward": -290.53391854767165,
    "max_reward": 66.38096715077964,
    "mean_steps": 130.1,
    "std_steps": 31.107716084598692
}