{
    "mean_reward": -80.50221925201436,
    "std_reward": 86.027645160053,
    "min_reward": -283.4246829843795,
    "max_reward": 36.74330342832906,
    "mean_steps": 137.65,
    "std_steps": 46.553705545316156
}