{
    "mean_reward": -196.1810369331079,
    "std_reward": 116.6462496790324,
    "min_reward": -514.604322754295,
    "max_reward": -32.108833727268745,
    "mean_steps": 90.67,
    "std_steps": 20.784636152697022
}