{
    "mean_reward": -166.34542726282885,
    "std_reward": 92.15299302312029,
    "min_reward": -488.42619700782654,
    "max_reward": 11.931753099942753,
    "mean_steps": 168.16,
    "std_steps": 98.43116579620502
}