{
    "mean_reward": -184.87307573825078,
    "std_reward": 179.31996510649554,
    "min_reward": -642.8719537819527,
    "max_reward": 38.497776552335495,
    "mean_steps": 112.28,
    "std_steps": 53.25374728598918
}