{
    "mean_reward": 13.263864260775845,
    "std_reward": 104.76438340609816,
    "min_reward": -232.9239090797356,
    "max_reward": 300.071198384852,
    "mean_steps": 187.45,
    "std_steps": 84.16357585083941
}