{
    "mean_reward": 54.238414313761325,
    "std_reward": 257.6300843059859,
    "min_reward": -673.9860662166507,
    "max_reward": 299.56996342311425,
    "mean_steps": 504.46,
    "std_steps": 295.9773106168782
}