{
    "mean_reward": -81.23600341657145,
    "std_reward": 90.24112140789848,
    "min_reward": -385.1479161907776,
    "max_reward": 258.9606088826031,
    "mean_steps": 111.52,
    "std_steps": 39.1569866052024
}