{
    "mean_reward": 3.887578139723915,
    "std_reward": 114.05276473037802,
    "min_reward": -497.4863409381682,
    "max_reward": 276.8436776213804,
    "mean_steps": 195.45,
    "std_steps": 123.13158611826617
}