{
    "mean_reward": -143.7233506192648,
    "std_reward": 100.54814223365989,
    "min_reward": -462.8795764403045,
    "max_reward": -0.8300516383209242,
    "mean_steps": 157.25,
    "std_steps": 52.58352878991671
}