{
    "mean_reward": -191.33176745030622,
    "std_reward": 112.82906002861012,
    "min_reward": -529.8222052549984,
    "max_reward": -30.216045786158602,
    "mean_steps": 91.42,
    "std_steps": 21.386996049001365
}