{
    "mean_reward": -102.21524409002211,
    "std_reward": 154.91356848569157,
    "min_reward": -705.6537705275716,
    "max_reward": 276.3555083175481,
    "mean_steps": 179.09,
    "std_steps": 73.00905354817304
}